patient_number,consciousness_state,guardian_status,abuse_likely,match_examination,developmental_stage,treatment_delayed,consistent_history,poor_condition,inappropriate_relationship
1,0,1,1,0,0,1,0,1,1
2,0,0,1,0,0,1,0,1,1
3,0,1,1,0,0,1,0,1,1
4,0,0,1,0,0,1,0,1,1
5,0,0,1,0,0,1,0,1,1
6,0,1,1,0,1,1,0,1,1
7,0,0,1,1,,0,1,0,0
8,0,0,1,,,1,0,1,1
9,1,0,,,,0,0,,
10,0,0,,,,,0,1,
11,0,0,1,0,0,1,0,0,0
12,0,0,,0,0,1,0,1,1
13,0,1,0,1,0,,0,,0
14,0,0,1,0,1,1,0,1,1
15,0,0,1,,0,1,0,1,
16,0,1,1,0,,0,,0,1
17,0,0,,1,0,1,0,1,1
18,0,1,1,0,0,,1,,
19,0,0,1,1,0,1,0,1,1
20,0,3,1,1,0,1,0,1,1
21,0,0,0,1,,1,1,0,0
22,0,0,0,1,1,1,0,1,0
23,0,0,,1,1,0,,0,
24,0,1,0,1,1,0,,,
25,0,0,0,1,1,1,0,,0
26,0,0,0,,1,0,1,0,0
27,0,0,,0,1,1,0,1,1
28,0,0,,0,1,1,,1,1
29,0,,,0,1,1,,0,1
30,0,0,,0,1,1,0,1,
