patient_number,age,sex,height,weight,head_count,head_length,arms_count,arms_length,legs_count,legs_length,torso_count,torso_length,buttocks_count,buttocks_length,shape_abnormality,consciousness_state,guardian_status,abuse_likely,match_examination,developmental_stage,treatment_delayed,consistent_history,poor_condition,inappropriate_relationship,CBC_RBC,CBC_WBC,CBC_Platelet,Hb,PT_INR,aPTT,AST,ALT,ALP,Na,K,Cl,Calcium,Phosphorus,25hydroxyvitaminD,Serum_albumin,Pre_albumin,Transferrin,Glucose,skull,ribs,humerus,radius_ulna,femur,tibia_fibula,pelvis,spiral_fx,metaphyseal_fx,Happiness1,Sadness1,Anger1,Surprise1,Fear1,Happiness2,Sadness2,Anger2,Surprise2,Fear2,Happiness3,Sadness3,Anger3,Surprise3,Fear3,Happiness4,Sadness4,Anger4,Surprise4,Fear4,Happiness5,Sadness5,Anger5,Surprise5,Fear5,Happiness6,Sadness6,Anger6,Surprise6,Fear6,true_label
1,120,0,138.8,35.5,0,0,3,4.3,2,6.1,0,0,0,0,1,0,1,1,0,0,1,0,1,1,4.5,12,300,15.2,1,30,23,30,400,140,4.1,100,9,4.3,25,4.5,30,350,80,0,0,0,0,0,0,0,0,0,0.32,0.32,0.22,0.09,0.04,0.22,0.21,0.18,0.3,0.09,0.33,0.16,0.07,0.09,0.35,0.22,0.29,0.1,0.26,0.13,0.26,0.2,0.37,0.01,0.17,0.03,0.28,0.3,0.12,0.27,0
2,26,0,88,12,1,2,0,0,2,4,0,0,0,0,1,0,0,1,0,0,1,0,1,1,4.2,10.9,320,13.2,0.9,27,50,40,420,137,3.9,98,10.1,6,38,4.8,24,400,78,0,0,0,0,0,0,0,0,0,0.06,0.33,0.12,0.21,0.28,0.04,0.28,0.12,0.25,0.31,0.11,0.32,0.13,0.31,0.12,0.28,0.07,0.37,0.18,0.11,0.21,0.19,0.03,0.41,0.16,0.22,0.25,0.23,0.22,0.08,0
3,200,1,152.8,51.9,0,0,0,0,1,7.8,0,0,0,0,1,0,1,1,0,0,1,0,1,1,4.1,5.7,270,12.1,1.1,34,7,9,90,140,4.2,102,8.5,4.1,21,4.2,30,260,90,0,0,0,0,0,0,0,0,0,0.33,0.01,0.18,0.27,0.21,0.17,0.09,0.23,0.41,0.1,0.07,0.04,0.35,0.18,0.36,0.21,0.28,0.11,0.23,0.16,0.03,0.37,0.35,0.18,0.06,0.28,0.14,0.38,0.2,0.01,0
4,62,1,118,22.8,0,0,0,0,4,4.7,1,20,0,0,1,0,0,1,0,0,1,0,1,1,3,14,200,8.5,1.2,35,55,40,180,138,4.2,101,9,4.5,25,3,12,190,88,0,2,0,0,0,0,0,0,0,0.18,0.19,0.12,0.21,0.3,0.36,0.3,0.1,0.03,0.21,0.13,0.19,0.24,0.2,0.24,0.26,0.17,0.15,0.16,0.26,0,0.4,0.36,0.15,0.09,0.25,0.32,0.1,0.33,0,0
5,40,1,92.5,14.1,0,0,0,0,0,0,0,0,1,5.7,1,0,0,1,0,0,1,0,1,1,4.7,13.8,290,12.8,1.1,29,22,18,400,136,4.3,99,10.1,5.4,23,4.1,28,250,95,0,0,0,0,0,0,1,0,0,0.15,0.22,0.19,0.36,0.09,0.33,0.11,0.03,0.31,0.22,0.11,0.27,0.18,0.31,0.13,0.1,0.13,0.38,0.03,0.35,0.09,0.26,0.33,0.29,0.04,0.22,0.21,0.32,0.11,0.14,0
6,3,0,58.5,5.3,1,4.7,2,3.5,0,0,1,4.6,0,0,1,0,1,1,0,1,1,0,1,1,4.3,17,330,12.1,1.1,32,60,40,300,137,4.7,102,9.5,6.2,27,4.2,25,180,85,0,0,0,0,0,0,0,0,0,0.23,0.11,0.3,0.16,0.2,0.25,0.14,0.07,0.3,0.24,0.16,0.39,0.23,0.01,0.21,0.31,0.3,0.04,0.14,0.21,0.05,0.27,0.17,0.2,0.31,0.25,0.22,0.14,0.15,0.25,1
7,140,0,142.1,35.4,2,5.1,5,5.2,5,8.3,0,0,2,7.4,0,0,0,1,1,,0,1,0,0,4,16.2,320,11.2,1.1,30,75,58,350,138,4.6,104,9.4,4.9,28,4.2,30,250,100,0,0,2,2,2,2,0,0,0,0.36,0.07,0.26,0.27,0.04,0.19,0.27,0.27,0.25,0.01,0.02,0.17,0.37,0.04,0.41,0.18,0.01,0.38,0.22,0.21,0.19,0.09,0.16,0.29,0.28,0.21,0.3,0.08,0.24,0.16,1
8,100,1,129,28,0,0,0,2,5.1,0,1,18,0,0,1,0,0,1,,,1,0,1,1,4.1,15,180,11,1,33,80,60,290,137,4.2,100,9.5,5.1,30,4,28,240,90,0,2,0,0,0,0,0,0,0,0.28,0.05,0.31,0.26,0.1,0.15,0.18,0.28,0.23,0.16,0.26,0.15,0.26,0.19,0.15,0.12,0.55,0.25,0.06,0.03,0.08,0.19,0.31,0.14,0.28,0.43,0.15,0.36,0.05,0.02,1
9,170,1,159,38.6,0,0,0,0,0,0,0,0,0,0,1,1,0,,,,0,0,,,3.6,3.9,120,9.8,1.3,39,85,72,180,132,2.8,95,8,2.9,12,2.5,10,150,58,0,0,0,0,0,0,0,0,0,0.02,0.3,0.3,0.25,0.13,0.24,0.01,0.14,0.35,0.26,0.25,0.21,0.29,0.11,0.13,0.33,0.04,0.33,0.13,0.17,0.34,0.06,0.26,0.33,0.02,0.05,0.22,0.07,0.63,0.03,1
10,175,0,175.4,72.3,0,0,1,6.5,0,0,0,0,2,6.5,1,0,0,,,,,0,1,,5.6,13.8,320,16.5,1.1,31,60,55,410,138,4.2,103,9.5,4.9,39,4.2,25,260,92,0,0,0,2,0,0,0,0,0,0.3,0.16,0.22,0.1,0.21,0.1,0.12,0.35,0.21,0.22,0.44,0.15,0.05,0.14,0.21,0.32,0.1,0.35,0.16,0.06,0.2,0.27,0.27,0.1,0.15,0.18,0.2,0.13,0.24,0.26,1
11,130,1,143,40,1,3.4,0,0,0,0,0,0,0,0,0,0,0,1,0,0,1,0,0,0,3.9,6.8,154.1,14.6,1.1,29.6,39.2,18.3,190.3,140.7,4,102,9.2,4.5,38.7,4.3,31.4,384.5,86,0,0,0,0,0,0,0,0,0,0.07,0.15,0.32,0.27,0.19,0.08,0.34,0.23,0.31,0.04,0.36,0.25,0.26,0.05,0.08,0.04,0.19,0.29,0.1,0.38,0.02,0.27,0.02,0.19,0.5,0.12,0.05,0.2,0.21,0.42,1
12,47,0,100,17,0,0,0,0,2,3,1,5,0,0,0,0,0,,0,0,1,0,1,1,5.4,5.9,266.1,10.9,0.9,31.6,12.5,13.9,232.5,136.2,4.2,98.1,10.5,4.8,37.8,4.1,24.7,323.1,75,0,0,0,0,0,0,0,0,0,0.25,0.1,0.05,0.23,0.37,0.23,0.06,0.26,0.26,0.19,0.05,0.36,0.45,0.12,0.03,0.36,0.09,0.42,0.12,0.01,0.12,0.06,0.23,0.32,0.27,0.27,0.22,0.03,0.2,0.28,1
13,189,0,165,60,0,0,0,0,0,0,0,0,2,7,1,0,1,0,1,0,,0,,0,4.9,5,158.5,13.4,1,32.3,32,12.2,272,136.3,4,98.5,9.4,4.9,49.9,4.4,15.4,237.8,91.4,0,0,0,0,0,0,0,0,0,0.18,0.11,0.29,0.31,0.12,0.19,0.33,0.02,0.14,0.32,0.23,0.08,0.26,0.11,0.33,0,0.23,0.14,0.52,0.1,0.06,0.31,0.24,0.06,0.33,0.17,0.17,0.23,0.25,0.18,0
14,72,1,113,20,1,4,0,0,0,0,0,0,0,0,1,0,0,1,0,1,1,0,1,1,4.8,8.4,151.4,11.4,1,29.3,17.8,14,336.4,144.8,4.7,99.2,9.4,4.5,24.8,4.2,29.1,252,98.8,0,0,0,0,0,0,0,0,0,0.06,0.04,0.56,0.18,0.15,0.17,0.31,0.26,0.06,0.2,0.22,0.05,0.34,0.07,0.32,0.03,0.3,0.13,0.24,0.3,0.24,0.13,0.29,0.24,0.1,0,0.1,0.56,0.32,0.01,0
15,55,0,104,16,1,9,0,0,0,0,0,0,0,0,0,0,0,1,,0,1,0,1,,4.2,10.7,331.5,11.6,0.9,34.1,32.5,12.5,220.7,139.8,4.7,107,9.2,5.9,26,3.9,16.7,246.8,104.4,1,0,0,0,0,0,0,0,0,0.25,0.13,0.22,0.24,0.16,0.28,0.28,0.11,0.07,0.26,0.25,0.08,0.07,0.29,0.31,0.26,0.2,0.23,0.14,0.16,0.28,0.04,0.21,0.01,0.46,0.3,0.12,0.33,0.16,0.09,1
16,54,1,100,12,0,0,0,0,1,6,0,0,0,0,1,0,1,1,0,,0,,0,1,4.1,8.9,260.5,12.6,0.8,32.8,38.9,21,124.1,136.4,3.9,105.4,8.8,5.2,39.3,4.2,14.6,247.8,74,0,0,0,0,0,0,0,0,0,0.26,0.2,0.17,0.07,0.29,0.23,0.33,0.3,0.08,0.06,0.22,0.21,0.02,0.38,0.16,0.34,0.08,0.28,0.23,0.08,0.29,0.32,0.35,0.04,0.01,0.29,0.3,0.06,0.08,0.27,0
17,9,0,70,7,0,0,2,3,0,0,0,0,0,0,1,0,0,,1,0,1,0,1,1,4.8,6.6,425.9,11.8,1.1,27.2,40,24.6,190.2,143.2,4.9,105.1,10.2,5.2,32.3,3.8,37.1,217.5,109.3,0,0,0,0,0,0,0,0,0,0.18,0.22,0.25,0.07,0.27,0.25,0.18,0.29,0.28,0,0.09,0.27,0.1,0.24,0.3,0.24,0.36,0.02,0.25,0.14,0.2,0.26,0.25,0.06,0.23,0.02,0.3,0.13,0.14,0.41,0
18,12,1,68,27,0,0,0,0,0,0,0,0,3,2,1,0,1,1,0,0,,1,,,5.3,7.2,327.4,13.6,0.9,32.1,23.8,23.4,199.7,135.3,4.6,101.9,9.1,5,40.6,4.8,14.1,226,96.1,0,0,0,0,0,0,0,0,0,0.12,0.05,0.34,0.33,0.17,0.17,0.17,0.01,0.31,0.34,0.28,0.25,0.31,0.08,0.07,0.24,0.3,0.17,0,0.29,0.25,0.05,0.22,0.28,0.2,0.06,0.31,0.22,0.02,0.4,1
19,76,0,115,25,0,0,0,0,4,5,0,0,0,0,1,0,0,1,1,0,1,0,1,1,4.1,9.1,174.6,11.1,0.9,29,32.8,26.7,181.6,135.4,4.9,106.1,8.7,6,24,3.8,34.4,280.5,92.3,0,0,0,0,0,0,0,0,0,0.36,0.14,0.09,0.4,0.01,0.23,0.18,0.29,0.26,0.04,0.29,0.26,0.19,0.25,0.01,0.06,0.46,0.32,0.09,0.08,0.36,0.18,0.13,0.2,0.13,0.34,0.27,0.08,0.23,0.07,0
20,84,0,120,30,0,0,4,7,0,0,0,0,0,0,1,0,3,1,1,0,1,0,1,1,5.6,13.8,320,16.5,1.1,31,60,55,410,138,4.2,103,9.5,4.9,39,4.2,25,260,92,0,0,0,0,0,0,0,0,0,0.21,0.21,0.06,0.01,0.51,0.17,0.21,0.17,0.2,0.26,0.2,0.02,0.09,0.31,0.38,0.3,0.07,0.29,0.16,0.18,0.26,0.25,0.18,0.2,0.12,0.23,0.27,0.15,0.26,0.08,0
21,10,0,73.3,9.2,0,0,1,6.1,2,7.5,0,0,0,0,1,0,0,0,1,,1,1,0,0,4.5,7,250,13.5,1,30,35,25,120,135,4.5,100,9,4.5,25,4,20,200,90,0,0,1,0,0,0,0,0,0,0.23,0.17,0.24,0.17,0.19,0.18,0.26,0.13,0.11,0.31,0.19,0.08,0.12,0.34,0.28,0.09,0.32,0.07,0.35,0.17,0.19,0.15,0.14,0.3,0.22,0.16,0.22,0.21,0.23,0.18,1
22,165,1,158.6,65,0,0,2,4.9,3,5.5,1,7,0,0,0,0,0,0,1,1,1,0,1,0,4.7,8.5,300,14,1.1,31,38,28,130,136,4.6,102,9.2,4.6,30,4.2,22,220,95,0,0,0,0,0,0,0,0,0,0.19,0.3,0.02,0.15,0.35,0.15,0.29,0.21,0.21,0.14,0.07,0.19,0.14,0.24,0.36,0.29,0.21,0.19,0.18,0.13,0.1,0.32,0.31,0.2,0.06,0.13,0.25,0.09,0.31,0.23,1
23,49,0,100.9,15.8,0,0,0,0,2,3.7,1,6.1,2,5.2,1,0,0,,1,1,0,,0,,4.3,6.8,230,12.8,1,29,40,22,110,134,4.4,101,9.1,4.3,20,3.9,18,180,88,0,0,0,0,0,0,0,0,0,0.19,0.34,0.23,0.21,0.03,0.09,0.05,0.13,0.24,0.49,0.1,0.21,0.02,0.43,0.24,0.41,0.08,0.23,0.18,0.1,0.11,0.04,0.1,0.39,0.35,0.27,0.24,0.23,0.21,0.05,1
24,61,1,111.8,20.2,1,6.8,2,5,0,0,1,6.5,0,0,0,0,1,0,1,1,0,,,,4.6,7.5,280,13.7,1.1,32,37,27,125,135,4.7,103,9,4.8,28,4.1,23,215,92,1,0,0,0,0,0,0,0,0,0.17,0.37,0.04,0.13,0.28,0.23,0.19,0.19,0.18,0.21,0.28,0.23,0.27,0.19,0.03,0.14,0.11,0.29,0.2,0.25,0.32,0.09,0.22,0.1,0.27,0.28,0.21,0.28,0.03,0.2,1
25,83,1,113.7,19.3,0,0,0,0,2,7.3,1,5.9,0,0,0,0,0,0,1,1,1,0,,0,4.4,8,270,13.2,1,30,42,30,118,136,4.5,99,9.3,4.7,27,4,19,190,94,0,0,0,0,1,0,0,0,1,0.05,0.34,0.22,0.2,0.19,0.39,0.08,0.3,0.23,0,0.01,0.22,0.24,0.24,0.29,0.21,0.11,0.29,0.04,0.35,0.4,0.12,0.2,0.13,0.16,0.04,0.2,0.15,0.25,0.37,1
26,108,0,126.6,22.5,0,0,0,0,0,0,0,0,0,0,1,0,0,0,,1,0,1,0,0,4,5.5,210,12,1.2,35,50,35,100,133,4.3,98,9,3.8,15,3.8,17,160,85,0,0,0,0,0,0,0,0,0,0.31,0.3,0.18,0.19,0.02,0.38,0.01,0.28,0.32,0.02,0.29,0.03,0.25,0.3,0.13,0.22,0.27,0.13,0.14,0.24,0.12,0.21,0.23,0.09,0.34,0.21,0.13,0.2,0.23,0.23,1
27,65,0,115.8,23.4,2,5.9,0,0,1,3.2,0,0,0,0,0,0,0,,0,1,1,0,1,1,4.5,7.2,260,13.4,1,30,34,25,115,135,4.4,100,9.2,4.5,24,4,21,210,90,0,0,0,0,0,0,0,0,0,0,0.18,0.6,0.1,0.12,0.33,0.33,0.09,0.11,0.13,0.34,0.24,0.02,0.13,0.27,0.19,0.19,0.14,0.36,0.12,0.24,0.17,0.18,0.16,0.25,0.37,0.11,0.07,0.01,0.44,0
28,58,1,104.5,16.6,0,0,0,0,0,0,0,0,2,6.9,0,0,0,,0,1,1,,1,1,4.6,7.8,290,13.8,1,31,36,26,120,136,4.5,102,9.1,4.6,26,4.1,22,215,91,0,0,0,0,0,0,1,0,0,0.08,0.29,0.23,0.34,0.05,0.28,0.23,0.1,0.37,0.02,0.09,0.36,0.18,0.28,0.09,0.26,0.16,0.29,0.04,0.25,0.23,0.18,0.1,0.27,0.22,0.16,0.09,0.24,0.21,0.31,0
29,35,1,92.3,13,1,4.5,0,0,0,0,0,0,0,0,1,0,,,0,1,1,,0,1,4.3,7,250,13,1.1,32,40,29,118,134,4.4,101,9,4.4,22,3.9,19,190,89,0,0,0,0,0,0,0,0,0,0.32,0.2,0,0.21,0.27,0.24,0.34,0.16,0.17,0.1,0.09,0.24,0.02,0.39,0.26,0.26,0.3,0.21,0.07,0.16,0.03,0.27,0.17,0.21,0.32,0.11,0.12,0.52,0.04,0.21,0
30,46,0,106.3,17.7,1,7.2,0,0,3,5.8,2,6,0,0,1,0,0,,0,1,1,0,1,,4.2,6,180,12.2,2.5,60,45,30,110,133,4.3,99,8.8,4,18,3.8,15,170,87,0,0,0,0,0,0,0,0,0,0.15,0.05,0.2,0.3,0.3,0.14,0.26,0.09,0.25,0.27,0.1,0.46,0.09,0.31,0.05,0.07,0.3,0.32,0.29,0.01,0.15,0.14,0.22,0.4,0.09,0.21,0.33,0.25,0.01,0.2,0
